scene_name,camera_name,image_name,label
ai_053_005,cam_00,images/scene_cam_00_final_preview/frame.0000.tonemap.jpg,True
ai_053_005,cam_00,images/scene_cam_00_final_preview/frame.0001.tonemap.jpg,True
ai_053_005,cam_00,images/scene_cam_00_final_preview/frame.0002.tonemap.jpg,True
ai_053_005,cam_00,images/scene_cam_00_final_preview/frame.0003.tonemap.jpg,True
ai_053_005,cam_00,images/scene_cam_00_final_preview/frame.0004.tonemap.jpg,True
ai_053_005,cam_00,images/scene_cam_00_final_preview/frame.0005.tonemap.jpg,True
ai_053_005,cam_00,images/scene_cam_00_final_preview/frame.0006.tonemap.jpg,True
ai_053_005,cam_00,images/scene_cam_00_final_preview/frame.0007.tonemap.jpg,True
ai_053_005,cam_00,images/scene_cam_00_final_preview/frame.0008.tonemap.jpg,True
ai_053_005,cam_00,images/scene_cam_00_final_preview/frame.0009.tonemap.jpg,True
ai_053_005,cam_00,images/scene_cam_00_final_preview/frame.0010.tonemap.jpg,True
ai_053_005,cam_00,images/scene_cam_00_final_preview/frame.0011.tonemap.jpg,True
ai_053_005,cam_00,images/scene_cam_00_final_preview/frame.0012.tonemap.jpg,True
ai_053_005,cam_00,images/scene_cam_00_final_preview/frame.0013.tonemap.jpg,True
ai_053_005,cam_00,images/scene_cam_00_final_preview/frame.0014.tonemap.jpg,True
ai_053_005,cam_00,images/scene_cam_00_final_preview/frame.0015.tonemap.jpg,True
ai_053_005,cam_00,images/scene_cam_00_final_preview/frame.0016.tonemap.jpg,True
ai_053_005,cam_00,images/scene_cam_00_final_preview/frame.0017.tonemap.jpg,True
ai_053_005,cam_00,images/scene_cam_00_final_preview/frame.0018.tonemap.jpg,True
ai_053_005,cam_00,images/scene_cam_00_final_preview/frame.0019.tonemap.jpg,True
ai_053_005,cam_00,images/scene_cam_00_final_preview/frame.0020.tonemap.jpg,True
ai_053_005,cam_00,images/scene_cam_00_final_preview/frame.0021.tonemap.jpg,True
ai_053_005,cam_00,images/scene_cam_00_final_preview/frame.0022.tonemap.jpg,True
ai_053_005,cam_00,images/scene_cam_00_final_preview/frame.0023.tonemap.jpg,True
ai_053_005,cam_00,images/scene_cam_00_final_preview/frame.0024.tonemap.jpg,True
ai_053_005,cam_00,images/scene_cam_00_final_preview/frame.0025.tonemap.jpg,True
ai_053_005,cam_00,images/scene_cam_00_final_preview/frame.0026.tonemap.jpg,True
ai_053_005,cam_00,images/scene_cam_00_final_preview/frame.0027.tonemap.jpg,True
ai_053_005,cam_00,images/scene_cam_00_final_preview/frame.0028.tonemap.jpg,True
ai_053_005,cam_00,images/scene_cam_00_final_preview/frame.0029.tonemap.jpg,True
ai_053_005,cam_00,images/scene_cam_00_final_preview/frame.0030.tonemap.jpg,True
ai_053_005,cam_00,images/scene_cam_00_final_preview/frame.0031.tonemap.jpg,True
ai_053_005,cam_00,images/scene_cam_00_final_preview/frame.0032.tonemap.jpg,True
ai_053_005,cam_00,images/scene_cam_00_final_preview/frame.0033.tonemap.jpg,True
ai_053_005,cam_00,images/scene_cam_00_final_preview/frame.0034.tonemap.jpg,True
ai_053_005,cam_00,images/scene_cam_00_final_preview/frame.0035.tonemap.jpg,True
ai_053_005,cam_00,images/scene_cam_00_final_preview/frame.0036.tonemap.jpg,True
ai_053_005,cam_00,images/scene_cam_00_final_preview/frame.0037.tonemap.jpg,True
ai_053_005,cam_00,images/scene_cam_00_final_preview/frame.0038.tonemap.jpg,True
ai_053_005,cam_00,images/scene_cam_00_final_preview/frame.0039.tonemap.jpg,True
ai_053_005,cam_00,images/scene_cam_00_final_preview/frame.0040.tonemap.jpg,True
ai_053_005,cam_00,images/scene_cam_00_final_preview/frame.0041.tonemap.jpg,True
ai_053_005,cam_00,images/scene_cam_00_final_preview/frame.0042.tonemap.jpg,True
ai_053_005,cam_00,images/scene_cam_00_final_preview/frame.0043.tonemap.jpg,True
ai_053_005,cam_00,images/scene_cam_00_final_preview/frame.0044.tonemap.jpg,True
ai_053_005,cam_00,images/scene_cam_00_final_preview/frame.0045.tonemap.jpg,True
ai_053_005,cam_00,images/scene_cam_00_final_preview/frame.0046.tonemap.jpg,True
ai_053_005,cam_00,images/scene_cam_00_final_preview/frame.0047.tonemap.jpg,True
ai_053_005,cam_00,images/scene_cam_00_final_preview/frame.0048.tonemap.jpg,True
ai_053_005,cam_00,images/scene_cam_00_final_preview/frame.0049.tonemap.jpg,True
ai_053_005,cam_00,images/scene_cam_00_final_preview/frame.0050.tonemap.jpg,True
ai_053_005,cam_00,images/scene_cam_00_final_preview/frame.0051.tonemap.jpg,True
ai_053_005,cam_00,images/scene_cam_00_final_preview/frame.0052.tonemap.jpg,True
ai_053_005,cam_00,images/scene_cam_00_final_preview/frame.0053.tonemap.jpg,True
ai_053_005,cam_00,images/scene_cam_00_final_preview/frame.0054.tonemap.jpg,True
ai_053_005,cam_00,images/scene_cam_00_final_preview/frame.0055.tonemap.jpg,True
ai_053_005,cam_00,images/scene_cam_00_final_preview/frame.0056.tonemap.jpg,True
ai_053_005,cam_00,images/scene_cam_00_final_preview/frame.0057.tonemap.jpg,True
ai_053_005,cam_00,images/scene_cam_00_final_preview/frame.0058.tonemap.jpg,True
ai_053_005,cam_00,images/scene_cam_00_final_preview/frame.0059.tonemap.jpg,True
ai_053_005,cam_00,images/scene_cam_00_final_preview/frame.0060.tonemap.jpg,True
ai_053_005,cam_00,images/scene_cam_00_final_preview/frame.0061.tonemap.jpg,True
ai_053_005,cam_00,images/scene_cam_00_final_preview/frame.0062.tonemap.jpg,True
ai_053_005,cam_00,images/scene_cam_00_final_preview/frame.0063.tonemap.jpg,True
ai_053_005,cam_00,images/scene_cam_00_final_preview/frame.0064.tonemap.jpg,True
ai_053_005,cam_00,images/scene_cam_00_final_preview/frame.0065.tonemap.jpg,True
ai_053_005,cam_00,images/scene_cam_00_final_preview/frame.0066.tonemap.jpg,True
ai_053_005,cam_00,images/scene_cam_00_final_preview/frame.0067.tonemap.jpg,True
ai_053_005,cam_00,images/scene_cam_00_final_preview/frame.0068.tonemap.jpg,True
ai_053_005,cam_00,images/scene_cam_00_final_preview/frame.0069.tonemap.jpg,True
ai_053_005,cam_00,images/scene_cam_00_final_preview/frame.0070.tonemap.jpg,True
ai_053_005,cam_00,images/scene_cam_00_final_preview/frame.0071.tonemap.jpg,True
ai_053_005,cam_00,images/scene_cam_00_final_preview/frame.0072.tonemap.jpg,True
ai_053_005,cam_00,images/scene_cam_00_final_preview/frame.0073.tonemap.jpg,True
ai_053_005,cam_00,images/scene_cam_00_final_preview/frame.0074.tonemap.jpg,True
ai_053_005,cam_00,images/scene_cam_00_final_preview/frame.0075.tonemap.jpg,True
ai_053_005,cam_00,images/scene_cam_00_final_preview/frame.0076.tonemap.jpg,True
ai_053_005,cam_00,images/scene_cam_00_final_preview/frame.0077.tonemap.jpg,True
ai_053_005,cam_00,images/scene_cam_00_final_preview/frame.0078.tonemap.jpg,True
ai_053_005,cam_00,images/scene_cam_00_final_preview/frame.0079.tonemap.jpg,True
ai_053_005,cam_00,images/scene_cam_00_final_preview/frame.0080.tonemap.jpg,True
ai_053_005,cam_00,images/scene_cam_00_final_preview/frame.0081.tonemap.jpg,True
ai_053_005,cam_00,images/scene_cam_00_final_preview/frame.0082.tonemap.jpg,True
ai_053_005,cam_00,images/scene_cam_00_final_preview/frame.0083.tonemap.jpg,True
ai_053_005,cam_00,images/scene_cam_00_final_preview/frame.0084.tonemap.jpg,True
ai_053_005,cam_00,images/scene_cam_00_final_preview/frame.0085.tonemap.jpg,True
ai_053_005,cam_00,images/scene_cam_00_final_preview/frame.0086.tonemap.jpg,True
ai_053_005,cam_00,images/scene_cam_00_final_preview/frame.0087.tonemap.jpg,True
ai_053_005,cam_00,images/scene_cam_00_final_preview/frame.0088.tonemap.jpg,True
ai_053_005,cam_00,images/scene_cam_00_final_preview/frame.0089.tonemap.jpg,True
ai_053_005,cam_00,images/scene_cam_00_final_preview/frame.0090.tonemap.jpg,True
ai_053_005,cam_00,images/scene_cam_00_final_preview/frame.0091.tonemap.jpg,True
ai_053_005,cam_00,images/scene_cam_00_final_preview/frame.0092.tonemap.jpg,True
ai_053_005,cam_00,images/scene_cam_00_final_preview/frame.0093.tonemap.jpg,True
ai_053_005,cam_00,images/scene_cam_00_final_preview/frame.0094.tonemap.jpg,True
ai_053_005,cam_00,images/scene_cam_00_final_preview/frame.0095.tonemap.jpg,True
ai_053_005,cam_00,images/scene_cam_00_final_preview/frame.0096.tonemap.jpg,True
ai_053_005,cam_00,images/scene_cam_00_final_preview/frame.0097.tonemap.jpg,True
ai_053_005,cam_00,images/scene_cam_00_final_preview/frame.0098.tonemap.jpg,True
ai_053_005,cam_00,images/scene_cam_00_final_preview/frame.0099.tonemap.jpg,True
